task_id,0,1
0,1.000000,0.111113
1,0.111113,1.000000
