task_id,0,1
0,1.000000,0.110979
1,0.110979,1.000000
