task_id,0,1
0,1.000000,0.110974
1,0.110974,1.000000
