{
  "run": {
    "dataset": "cifar10",
    "method": "pall_original",
    "method_variant": "original",
    "seed": 1,
    "deterministic": false,
    "n_tasks": 5,
    "n_forget": 1,
    "request_schedule_source": "file",
    "request_schedule_file": "/Users/fateme/Documents/Uni/project/my thesis/code/Overlap-Aware-Selective-Forgetting-/schedules/test_schedule.json",
    "timestamp": "20260422_115512",
    "run_dir": "runs/cifar10/T5_F1/pall_original/seed_1/20260422_115512"
  },
  "unlearning_events": [
    {
      "unlearning_step": 0,
      "request_id": 5,
      "task_id": 3,
      "remaining_tasks": [
        0,
        1,
        2,
        4
      ],
      "per_task_acc_before": {
        "0": 0.8320000171661377,
        "1": 0.7574999928474426,
        "2": 0.8690000176429749,
        "3": 0.8934999704360962,
        "4": 0.9365000128746033
      },
      "per_task_acc_after_reset": {
        "0": 0.8320000171661377,
        "1": 0.7574999928474426,
        "2": 0.8690000176429749,
        "3": 0.4634999930858612,
        "4": 0.9330000281333923
      },
      "per_task_acc_after_retrain": {
        "0": 0.8324999809265137,
        "1": 0.7570000290870667,
        "2": 0.8690000176429749,
        "3": 0.46299999952316284,
        "4": 0.9334999918937683
      },
      "avg_before": 0.8487500101327896,
      "avg_after_reset": 0.8478750139474869,
      "avg_after_retrain": 0.8480000048875809,
      "Fu": 0.0007500052452087402,
      "WorstDrop": 0.003000020980834961,
      "Au": 0.46299999952316284,
      "t_reset": 0.0014049170131329447,
      "t_retrain": 0.27772754098987207,
      "t_forget_total": null,
      "num_updated_params": 1317367,
      "overlap": {
        "s_t": 2232887,
        "s_share": 1317367,
        "s_share_crit": 1317367,
        "s_share_ratio": 0.5899837295841661,
        "s_share_crit_ratio": 1.0
      },
      "protection": {
        "active": false,
        "method_variant": "original",
        "protect_ratio": null,
        "protect_threshold": null,
        "lambda_protect": 0.0,
        "retrain_steps": 1,
        "adaptive_retrain": false
      },
      "finetune_diag": {
        "active_tasks": [
          0,
          1,
          2,
          4
        ],
        "deleted_task_id": 3,
        "num_updated_params": 1317367,
        "do_finetune": true,
        "retrain_steps": 1,
        "retrain_steps_source": "k_shot",
        "retrain_steps_from_cli": false,
        "allow_zero_retrain": false,
        "retrain_steps_fallback": null,
        "buffer_sizes": {
          "0": 100,
          "1": 100,
          "2": 100,
          "4": 100
        }
      }
    }
  ],
  "sanity_checks": [],
  "request_schedule_source": "file",
  "request_schedule_file": "/Users/fateme/Documents/Uni/project/my thesis/code/Overlap-Aware-Selective-Forgetting-/schedules/test_schedule.json",
  "request_schedule": [
    {
      "task_id": 0,
      "request_type": "T",
      "active_tasks": [
        0
      ]
    },
    {
      "task_id": 1,
      "request_type": "T",
      "active_tasks": [
        0,
        1
      ]
    },
    {
      "task_id": 2,
      "request_type": "T",
      "active_tasks": [
        0,
        1,
        2
      ]
    },
    {
      "task_id": 3,
      "request_type": "T",
      "active_tasks": [
        0,
        1,
        2,
        3
      ]
    },
    {
      "task_id": 4,
      "request_type": "T",
      "active_tasks": [
        0,
        1,
        2,
        3,
        4
      ]
    },
    {
      "task_id": 3,
      "request_type": "F",
      "active_tasks": [
        0,
        1,
        2,
        4
      ]
    }
  ],
  "loaded_request_schedule": {
    "n_tasks": 5,
    "n_forget": 1,
    "seed": 0,
    "sequence_length_requested": 6,
    "sequence_length_actual": 6,
    "requests": [
      {
        "task_id": 0,
        "request_type": "T",
        "active_tasks": [
          0
        ]
      },
      {
        "task_id": 1,
        "request_type": "T",
        "active_tasks": [
          0,
          1
        ]
      },
      {
        "task_id": 2,
        "request_type": "T",
        "active_tasks": [
          0,
          1,
          2
        ]
      },
      {
        "task_id": 3,
        "request_type": "T",
        "active_tasks": [
          0,
          1,
          2,
          3
        ]
      },
      {
        "task_id": 4,
        "request_type": "T",
        "active_tasks": [
          0,
          1,
          2,
          3,
          4
        ]
      },
      {
        "task_id": 3,
        "request_type": "F",
        "active_tasks": [
          0,
          1,
          2,
          4
        ]
      }
    ]
  },
  "requests": [
    [
      0,
      "T",
      [
        0
      ]
    ],
    [
      1,
      "T",
      [
        0,
        1
      ]
    ],
    [
      2,
      "T",
      [
        0,
        1,
        2
      ]
    ],
    [
      3,
      "T",
      [
        0,
        1,
        2,
        3
      ]
    ],
    [
      4,
      "T",
      [
        0,
        1,
        2,
        3,
        4
      ]
    ],
    [
      3,
      "F",
      [
        0,
        1,
        2,
        4
      ]
    ]
  ],
  "requests_without_forgotten": [
    [
      [
        0,
        "T",
        [
          0
        ]
      ],
      [
        1,
        "T",
        [
          0,
          1
        ]
      ],
      [
        2,
        "T",
        [
          0,
          1,
          2
        ]
      ],
      [
        4,
        "T",
        [
          0,
          1,
          2,
          4
        ]
      ]
    ]
  ],
  "normalized_results": {
    "schema_version": "v1",
    "definition": {
      "average_forgetting": "avg_t(max_{k<r} a_t(k) - a_t(r)) over trained tasks with at least one past point"
    },
    "final": {
      "final_avg_accuracy": 0.8480000048875809,
      "average_forgetting": 0.08669999837875367,
      "final_avg_forgetting": 0.08669999837875367,
      "num_unlearning_events": 1,
      "final_unlearning": {
        "Fu": 0.0007500052452087402,
        "WorstDrop": 0.003000020980834961,
        "Au": 0.46299999952316284,
        "t_reset": 0.0014049170131329447,
        "t_retrain": 0.27772754098987207,
        "t_forget_total": 0.279132458003005,
        "num_updated_params": 1317367,
        "overlap": {
          "s_t": 2232887,
          "s_share": 1317367,
          "s_share_crit": 1317367,
          "s_share_ratio": 0.5899837295841661,
          "s_share_crit_ratio": 1.0
        }
      }
    },
    "unlearning_events": [
      {
        "unlearning_step": 0,
        "request_id": 5,
        "task_id": 3,
        "Fu": 0.0007500052452087402,
        "WorstDrop": 0.003000020980834961,
        "Au": 0.46299999952316284,
        "avg_before": 0.8487500101327896,
        "avg_after_reset": 0.8478750139474869,
        "avg_after_retrain": 0.8480000048875809,
        "t_reset": 0.0014049170131329447,
        "t_retrain": 0.27772754098987207,
        "t_forget_total": 0.279132458003005,
        "num_updated_params": 1317367,
        "overlap": {
          "s_t": 2232887,
          "s_share": 1317367,
          "s_share_crit": 1317367,
          "s_share_ratio": 0.5899837295841661,
          "s_share_crit_ratio": 1.0
        }
      }
    ]
  },
  "forgetting": {
    "definition": "avg_t(max_{k<r} a_t(k) - a_t(r)) over trained tasks with at least one past point",
    "per_request": [
      0.0,
      0.0,
      0.0,
      0.0,
      0.0,
      0.08669999837875367
    ],
    "per_task": [
      {},
      {
        "0": 0.0
      },
      {
        "0": 0.0,
        "1": 0.0
      },
      {
        "0": 0.0,
        "1": 0.0,
        "2": 0.0
      },
      {
        "0": 0.0,
        "1": 0.0,
        "2": 0.0,
        "3": 0.0
      },
      {
        "0": -0.0004999637603759766,
        "1": 0.0004999637603759766,
        "2": 0.0,
        "3": 0.43049997091293335,
        "4": 0.003000020980834961
      }
    ],