{
  "run": {
    "dataset": "cifar10",
    "method": "pall_modified",
    "method_variant": "modified",
    "seed": 0,
    "deterministic": false,
    "n_tasks": 5,
    "n_forget": 1,
    "timestamp": "20260419_162901",
    "run_dir": "runs/cifar10/T5_F1/pall_modified/seed_0/20260419_162901"
  },
  "unlearning_events": [
    {
      "unlearning_step": 0,
      "request_id": 5,
      "task_id": 3,
      "remaining_tasks": [
        0,
        1,
        2,
        4
      ],
      "per_task_acc_before": {
        "0": 0.890500009059906,
        "1": 0.8999999761581421,
        "2": 0.9459999799728394,
        "3": 0.7944999933242798,
        "4": 0.8679999709129333
      },
      "per_task_acc_after_reset": {
        "0": 0.890500009059906,
        "1": 0.8999999761581421,
        "2": 0.9459999799728394,
        "3": 0.49900001287460327,
        "4": 0.8654999732971191
      },
      "per_task_acc_after_retrain": {
        "0": 0.8914999961853027,
        "1": 0.8995000123977661,
        "2": 0.9459999799728394,
        "3": 0.49900001287460327,
        "4": 0.8640000224113464
      },
      "avg_before": 0.9011249840259552,
      "avg_after_reset": 0.9004999846220016,
      "avg_after_retrain": 0.9002500027418137,
      "Fu": 0.0008749812841415405,
      "WorstDrop": 0.003999948501586914,
      "Au": 0.49900001287460327,
      "t_reset": 0.001372208003886044,
      "t_retrain": 0.5642479170055594,
      "t_forget_total": null,
      "num_updated_params": 1317633,
      "overlap": {
        "s_t": 2232887,
        "s_share": 1317633,
        "s_share_crit": 263527,
        "s_share_ratio": 0.5901028578696549,
        "s_share_crit_ratio": 0.2000003035746676
      },
      "protection": {
        "active": true,
        "method_variant": "modified",
        "protect_ratio": 0.2,
        "protect_threshold": null,
        "lambda_protect": 0.1,
        "retrain_steps": 1,
        "adaptive_retrain": false
      },
      "finetune_diag": {
        "active_tasks": [
          0,
          1,
          2,
          4
        ],
        "deleted_task_id": 3,
        "num_updated_params": 1317633,
        "do_finetune": true,
        "retrain_steps": 1,
        "retrain_steps_source": "retrain_steps",
        "retrain_steps_from_cli": true,
        "allow_zero_retrain": false,
        "retrain_steps_fallback": null,
        "buffer_sizes": {
          "0": 100,
          "1": 100,
          "2": 100,
          "4": 100
        }
      }
    }
  ],
  "sanity_checks": [],
  "requests": [
    [
      0,
      "T",
      [
        0
      ]
    ],
    [
      1,
      "T",
      [
        0,
        1
      ]
    ],
    [
      2,
      "T",
      [
        0,
        1,
        2
      ]
    ],
    [
      3,
      "T",
      [
        0,
        1,
        2,
        3
      ]
    ],
    [
      4,
      "T",
      [
        0,
        1,
        2,
        3,
        4
      ]
    ],
    [
      3,
      "F",
      [
        0,
        1,
        2,
        4
      ]
    ]
  ],
  "requests_without_forgotten": [
    [
      [
        0,
        "T",
        [
          0
        ]
      ],
      [
        1,
        "T",
        [
          0,
          1
        ]
      ],
      [
        2,
        "T",
        [
          0,
          1,
          2
        ]
      ],
      [
        4,
        "T",
        [
          0,
          1,
          2,
          4
        ]
      ]
    ]
  ],
  "normalized_results": {
    "schema_version": "v1",
    "definition": {
      "average_forgetting": "avg_t(max_{k<r} a_t(k) - a_t(r)) over trained tasks with at least one past point"
    },
    "final": {
      "final_avg_accuracy": 0.9002500027418137,
      "average_forgetting": 0.05979998111724853,
      "final_avg_forgetting": 0.05979998111724853,
      "num_unlearning_events": 1,
      "final_unlearning": {
        "Fu": 0.0008749812841415405,
        "WorstDrop": 0.003999948501586914,
        "Au": 0.49900001287460327,
        "t_reset": 0.001372208003886044,
        "t_retrain": 0.5642479170055594,
        "t_forget_total": 0.5656201250094455,
        "num_updated_params": 1317633,
        "overlap": {
          "s_t": 2232887,
          "s_share": 1317633,
          "s_share_crit": 263527,
          "s_share_ratio": 0.5901028578696549,
          "s_share_crit_ratio": 0.2000003035746676
        }
      }
    },
    "unlearning_events": [
      {
        "unlearning_step": 0,
        "request_id": 5,
        "task_id": 3,
        "Fu": 0.0008749812841415405,
        "WorstDrop": 0.003999948501586914,
        "Au": 0.49900001287460327,
        "avg_before": 0.9011249840259552,
        "avg_after_reset": 0.9004999846220016,
        "avg_after_retrain": 0.9002500027418137,
        "t_reset": 0.001372208003886044,
        "t_retrain": 0.5642479170055594,
        "t_forget_total": 0.5656201250094455,
        "num_updated_params": 1317633,
        "overlap": {
          "s_t": 2232887,
          "s_share": 1317633,
          "s_share_crit": 263527,
          "s_share_ratio": 0.5901028578696549,
          "s_share_crit_ratio": 0.2000003035746676
        }
      }
    ]
  },
  "forgetting": {
    "definition": "avg_t(max_{k<r} a_t(k) - a_t(r)) over trained tasks with at least one past point",
    "per_request": [
      0.0,
      0.0,
      0.0,
      0.0,
      0.0,
      0.05979998111724853
    ],
    "per_task": [
      {},
      {
        "0": 0.0
      },
      {
        "0": 0.0,
        "1": 0.0
      },
      {
        "0": 0.0,
        "1": 0.0,
        "2": 0.0
      },
      {
        "0": 0.0,
        "1": 0.0,
        "2": 0.0,
        "3": 0.0
      },
      {
        "0": -0.0009999871253967285,
        "1": 0.0004999637603759766,
        "2": 0.0,
        "3": 0.2954999804496765,
        "4": 0.003999948501586914
      }
    ],
    "final": 0.05979998111724853
  },
  "summary": {
    "run_dir": "runs/cifar10/T5_F1/pall_modified/seed_0/20260419_162901",
    "dataset": "cifar10",
    "method": "pall_modified",
    "method_variant": "modified",
    "seed": 0,
    "deterministic": false,
    "n_tasks": 5,
    "n_forget": 1,
    "final_avg_accuracy": 0.9002500027418137,
    "final_avg_forgetting": 0.05979998111724853
  }
}