task_id,0,1,2,3,4
0,1.000000,0.110989,0.111014,0.110834,0.110927
1,0.110989,1.000000,0.110959,0.111004,0.110827
2,0.111014,0.110959,1.000000,0.111248,0.111325
3,0.110834,0.111004,0.111248,1.000000,0.110981
4,0.110927,0.110827,0.111325,0.110981,1.000000
