{
  "run": {
    "dataset": "cifar10",
    "method": "pall_adapter",
    "method_variant": "adapter",
    "experiment_tag": "adapter_smoke_c10_v1",
    "seed": 0,
    "deterministic": false,
    "n_tasks": 5,
    "n_forget": 1,
    "request_schedule_source": "generated",
    "request_schedule_file": null,
    "timestamp": "20260426_173050",
    "run_dir": "runs/cifar10/T5_F1/pall_adapter/seed_0/20260426_173050"
  },
  "unlearning_events": [
    {
      "unlearning_step": 0,
      "request_id": 5,
      "task_id": 3,
      "remaining_tasks": [
        0,
        1,
        2,
        4
      ],
      "per_task_acc_before": {
        "0": 0.6850000023841858,
        "1": 0.7595000267028809,
        "2": 0.8019999861717224,
        "3": 0.5414999723434448,
        "4": 0.7695000171661377
      },
      "per_task_acc_after_reset": {
        "0": 0.6850000023841858,
        "1": 0.7595000267028809,
        "2": 0.8019999861717224,
        "3": 0.5,
        "4": 0.7695000171661377
      },
      "per_task_acc_after_retrain": {
        "0": 0.6909999847412109,
        "1": 0.7699999809265137,
        "2": 0.8025000095367432,
        "3": 0.5,
        "4": 0.7699999809265137
      },
      "avg_before": 0.7540000081062317,
      "avg_after_reset": 0.7540000081062317,
      "avg_after_retrain": 0.7583749890327454,
      "Fu": -0.004374980926513672,
      "WorstDrop": -0.0004999637603759766,
      "Au": 0.5,
      "t_reset": 0.006479874980868772,
      "t_retrain": 0.27309012500336394,
      "t_forget_total": 3.445990583015373,
      "num_updated_params": 65536,
      "overlap": {
        "s_t": 16384,
        "s_share": 0,
        "s_share_crit": 0,
        "s_share_ratio": 0.0,
        "s_share_crit_ratio": 0.0
      },
      "protection": {
        "active": false,
        "method_variant": "adapter_prototype",
        "warning": "pall_adapter uses adapter reset prototype, not full PALL overlap mask yet."
      },
      "finetune_diag": {
        "active_tasks": [
          0,
          1,
          2,
          4
        ],
        "deleted_task_id": 3,
        "retrain_steps": 1,
        "buffer_sizes": {
          "0": 100,
          "1": 100,
          "2": 100,
          "4": 100
        }
      }
    }
  ],
  "sanity_checks": [
    "[WARN] Unlearned task 3 accuracy drop is small: 0.5415 -> 0.5000"
  ],
  "request_schedule_source": "generated",
  "request_schedule_file": null,
  "request_schedule": [
    {
      "task_id": 0,
      "request_type": "T",
      "active_tasks": [
        0
      ]
    },
    {
      "task_id": 1,
      "request_type": "T",
      "active_tasks": [
        0,
        1
      ]
    },
    {
      "task_id": 2,
      "request_type": "T",
      "active_tasks": [
        0,
        1,
        2
      ]
    },
    {
      "task_id": 3,
      "request_type": "T",
      "active_tasks": [
        0,
        1,
        2,
        3
      ]
    },
    {
      "task_id": 4,
      "request_type": "T",
      "active_tasks": [
        0,
        1,
        2,
        3,
        4
      ]
    },
    {
      "task_id": 3,
      "request_type": "F",
      "active_tasks": [
        0,
        1,
        2,
        4
      ]
    }
  ],
  "loaded_request_schedule": null,
  "requests": [
    [
      0,
      "T",
      [
        0
      ]
    ],
    [
      1,
      "T",
      [
        0,
        1
      ]
    ],
    [
      2,
      "T",
      [
        0,
        1,
        2
      ]
    ],
    [
      3,
      "T",
      [
        0,
        1,
        2,
        3
      ]
    ],
    [
      4,
      "T",
      [
        0,
        1,
        2,
        3,
        4
      ]
    ],
    [
      3,
      "F",
      [
        0,
        1,
        2,
        4
      ]
    ]
  ],
  "requests_without_forgotten": [
    [
      [
        0,
        "T",
        [
          0
        ]
      ],
      [
        1,
        "T",
        [
          0,
          1
        ]
      ],
      [
        2,
        "T",
        [
          0,
          1,
          2
        ]
      ],
      [
        4,
        "T",
        [
          0,
          1,
          2,
          4
        ]
      ]
    ]
  ],
  "normalized_results": {
    "schema_version": "v1",
    "definition": {
      "average_forgetting": "avg_t(max_{k<r} a_t(k) - a_t(r)) over trained tasks with at least one past point"
    },
    "final": {
      "final_avg_accuracy": 0.7583749890327454,
      "average_forgetting": 0.0048000097274780275,
      "final_avg_forgetting": 0.0048000097274780275,
      "num_unlearning_events": 1,
      "final_unlearning": {
        "Fu": -0.004374980926513672,
        "WorstDrop": -0.0004999637603759766,
        "Au": 0.5,
        "t_reset": 0.006479874980868772,
        "t_retrain": 0.27309012500336394,
        "t_forget_total": 3.445990583015373,
        "num_updated_params": 65536,
        "overlap": {
          "s_t": 16384,
          "s_share": 0,
          "s_share_crit": 0,
          "s_share_ratio": 0.0,
          "s_share_crit_ratio": 0.0
        }
      }
    },
    "unlearning_events": [
      {
        "unlearning_step": 0,
        "request_id": 5,
        "task_id": 3,
        "Fu": -0.004374980926513672,
        "WorstDrop": -0.0004999637603759766,
        "Au": 0.5,
        "avg_before": 0.7540000081062317,
        "avg_after_reset": 0.7540000081062317,
        "avg_after_retrain": 0.7583749890327454,
        "t_reset": 0.006479874980868772,
        "t_retrain": 0.27309012500336394,
        "t_forget_total": 3.445990583015373,
        "num_updated_params": 65536,
        "overlap": {
          "s_t": 16384,
          "s_share": 0,
          "s_share_crit": 0,
          "s_share_ratio": 0.0,
          "s_share_crit_ratio": 0.0
        }
      }
    ]
  },
  "model": {
    "total_params": 11246272,
    "num_trainable_params": 81920,
    "num_adapter_params": 81920,
    "trainable_param_ratio": 0.0072841915970021,
    "adapter_mode": "per_task",
    "adapter_bottleneck": 16,
    "adapter_location": "residual",
    "adapter_train_classifier": false
  },
  "forgetting": {
    "definition": "avg_t(max_{k<r} a_t(k) - a_t(r)) over trained tasks with at least one past point",
    "per_request": [
      0.0,
      0.0,
      0.0,
      0.0,
      0.0,
      0.0048000097274780275
    ],
    "per_task": [
      {},
      {
        "0": 0.0
      },
      {
        "0": 0.0,
        "1": 0.0
      },
      {
        "0": 0.0,
        "1": 0.0,
        "2": 0.0
      },
      {
        "0": 0.0,
        "1": 0.0,
        "2": 0.0,
        "3": 0.0
      },
      {
        "0": -0.0059999823570251465,
        "1": -0.010499954223632812,
        "2": -0.000500023365020752,
        "3": 0.041499972343444824,
        "4": -0.0004999637603759766
      }
    ],
    "final": 0.0048000097274780275
  },
  "summary": {
    "run_dir": "runs/cifar10/T5_F1/pall_adapter/seed_0/20260426_173050",
    "dataset": "cifar10",
    "method": "pall_adapter",
    "method_variant": "adapter",
    "seed": 0,
    "deterministic": false,
    "n_tasks": 5,
    "n_forget": 1,
    "final_avg_accuracy": 0.7583749890327454,
    "final_avg_forgetting": 0.0048000097274780275,
    "total_params": 11246272,
    "num_trainable_params": 81920,
    "num_adapter_params": 81920,
    "trainable_param_ratio": 0.0072841915970021
  }
}