{
  "run": {
    "dataset": "cifar10",
    "method": "pall_modified",
    "method_variant": "modified",
    "seed": 0,
    "deterministic": true,
    "n_tasks": 5,
    "n_forget": 2,
    "timestamp": "20260211_194227",
    "run_dir": "runs/cifar10/T5_F2/pall_modified/seed_0/20260211_194227"
  },
  "unlearning_events": [
    {
      "unlearning_step": 0,
      "request_id": 4,
      "task_id": 3,
      "remaining_tasks": [
        0,
        1,
        2
      ],
      "per_task_acc_before": {
        "0": 0.9290000200271606,
        "1": 0.9470000267028809,
        "2": 0.9624999761581421,
        "3": 0.7829999923706055,
        "4": 0.4729999899864197
      },
      "per_task_acc_after_reset": {
        "0": 0.9290000200271606,
        "1": 0.9470000267028809,
        "2": 0.9624999761581421,
        "3": 0.49000000953674316,
        "4": 0.4970000088214874
      },
      "per_task_acc_after_retrain": {
        "0": 0.9290000200271606,
        "1": 0.9470000267028809,
        "2": 0.9624999761581421,
        "3": 0.4925000071525574,
        "4": 0.4984999895095825
      },
      "avg_before": 0.9461666742960612,
      "avg_after_reset": 0.9461666742960612,
      "avg_after_retrain": 0.9461666742960612,
      "Fu": 0.0,
      "WorstDrop": 0.0,
      "Au": 0.4925000071525574,
      "t_reset": 0.0019088750123046339,
      "t_retrain": 2358.608420417004,
      "num_updated_params": 1088904,
      "overlap": {
        "s_t": 2232889,
        "s_share": 1088904,
        "s_share_crit": 1088904,
        "s_share_ratio": 0.48766597891789515,
        "s_share_crit_ratio": 1.0
      },
      "protection": {
        "active": true,
        "method_variant": "modified",
        "protect_ratio": null,
        "protect_threshold": null,
        "lambda_protect": 0.0,
        "retrain_steps": 200,
        "adaptive_retrain": false
      }
    },
    {
      "unlearning_step": 1,
      "request_id": 6,
      "task_id": 4,
      "remaining_tasks": [
        0,
        1,
        2
      ],
      "per_task_acc_before": {
        "0": 0.9290000200271606,
        "1": 0.9470000267028809,
        "2": 0.9624999761581421,
        "3": 0.5,
        "4": 0.9445000290870667
      },
      "per_task_acc_after_reset": {
        "0": 0.9290000200271606,
        "1": 0.9465000033378601,
        "2": 0.9624999761581421,
        "3": 0.5,
        "4": 0.5015000104904175
      },
      "per_task_acc_after_retrain": {
        "0": 0.9290000200271606,
        "1": 0.9465000033378601,
        "2": 0.9624999761581421,
        "3": 0.5,
        "4": 0.5015000104904175
      },
      "avg_before": 0.9461666742960612,
      "avg_after_reset": 0.9459999998410543,
      "avg_after_retrain": 0.9459999998410543,
      "Fu": 0.0001666744550068433,
      "WorstDrop": 0.000500023365020752,
      "Au": 0.5015000104904175,
      "t_reset": 0.002066709042992443,
      "t_retrain": 2354.1857927909587,
      "num_updated_params": 1089095,
      "overlap": {
        "s_t": 2232887,
        "s_share": 1089095,
        "s_share_crit": 1089095,
        "s_share_ratio": 0.48775195520418185,
        "s_share_crit_ratio": 1.0
      },
      "protection": {
        "active": true,
        "method_variant": "modified",
        "protect_ratio": null,
        "protect_threshold": null,
        "lambda_protect": 0.0,
        "retrain_steps": 200,
        "adaptive_retrain": false
      }
    }
  ],
  "sanity_checks": [],
  "requests": [
    [
      0,
      "T",
      [
        0
      ]
    ],
    [
      1,
      "T",
      [
        0,
        1
      ]
    ],
    [
      2,
      "T",
      [
        0,
        1,
        2
      ]
    ],
    [
      3,
      "T",
      [
        0,
        1,
        2,
        3
      ]
    ],
    [
      3,
      "F",
      [
        0,
        1,
        2
      ]
    ],
    [
      4,
      "T",
      [
        0,
        1,
        2,
        4
      ]
    ],
    [
      4,
      "F",
      [
        0,
        1,
        2
      ]
    ]
  ],
  "requests_without_forgotten": [
    [
      [
        0,
        "T",
        [
          0
        ]
      ],
      [
        1,
        "T",
        [
          0,
          1
        ]
      ],
      [
        2,
        "T",
        [
          0,
          1,
          2
        ]
      ]
    ],
    [
      [
        0,
        "T",
        [
          0
        ]
      ],
      [
        1,
        "T",
        [
          0,
          1
        ]
      ],
      [
        2,
        "T",
        [
          0,
          1,
          2
        ]
      ]
    ]
  ],
  "summary": {
    "run_dir": "runs/cifar10/T5_F2/pall_modified/seed_0/20260211_194227",
    "dataset": "cifar10",
    "method": "pall_modified",
    "method_variant": "modified",
    "seed": 0,
    "deterministic": true,
    "n_tasks": 5,
    "n_forget": 2,
    "final_avg_accuracy": 0.9459999998410543
  }
}