task_id,0,1,2,3,4
0,1.000000,0.110964,0.110985,0.110794,0.110883
1,0.110964,1.000000,0.110945,0.110966,0.110801
2,0.110985,0.110945,1.000000,0.111243,0.111301
3,0.110794,0.110966,0.111243,1.000000,0.110994
4,0.110883,0.110801,0.111301,0.110994,1.000000
