{
  "run": {
    "dataset": "cifar10",
    "method": "pall_adapter",
    "method_variant": "adapter",
    "experiment_tag": "adapter_c10_bottleneck_ablation_v1",
    "seed": 0,
    "deterministic": false,
    "n_tasks": 5,
    "n_forget": 3,
    "request_schedule_source": "file",
    "request_schedule_file": "/Users/fateme/Documents/Uni/project/my thesis/code/Overlap-Aware-Selective-Forgetting-/schedules/cifar10_t5_f3_fixed_seed0.json",
    "timestamp": "20260427_110115",
    "run_dir": "runs/cifar10/T5_F3/pall_adapter/seed_0/20260427_110115"
  },
  "unlearning_events": [
    {
      "unlearning_step": 0,
      "request_id": 5,
      "task_id": 3,
      "remaining_tasks": [
        0,
        1,
        2,
        4
      ],
      "per_task_acc_before": {
        "0": 0.7799999713897705,
        "1": 0.8240000009536743,
        "2": 0.8360000252723694,
        "3": 0.574999988079071,
        "4": 0.800000011920929
      },
      "per_task_acc_after_reset": {
        "0": 0.7799999713897705,
        "1": 0.8240000009536743,
        "2": 0.8360000252723694,
        "3": 0.5,
        "4": 0.800000011920929
      },
      "per_task_acc_after_retrain": {
        "0": 0.781000018119812,
        "1": 0.8259999752044678,
        "2": 0.840499997138977,
        "3": 0.5,
        "4": 0.8025000095367432
      },
      "avg_before": 0.8100000023841858,
      "avg_after_reset": 0.8100000023841858,
      "avg_after_retrain": 0.8125,
      "Fu": -0.002499997615814209,
      "WorstDrop": -0.001000046730041504,
      "Au": 0.5,
      "t_reset": 0.0055065000196918845,
      "t_retrain": 0.21012775000417605,
      "t_forget_total": 3.4091749169747345,
      "num_updated_params": 135168,
      "overlap": {
        "s_t": 33792,
        "s_share": 0,
        "s_share_crit": 0,
        "s_share_ratio": 0.0,
        "s_share_crit_ratio": 0.0
      },
      "protection": {
        "active": false,
        "method_variant": "adapter_prototype",
        "warning": "pall_adapter uses adapter reset prototype, not full PALL overlap mask yet."
      },
      "finetune_diag": {
        "active_tasks": [
          0,
          1,
          2,
          4
        ],
        "deleted_task_id": 3,
        "retrain_steps": 1,
        "buffer_sizes": {
          "0": 100,
          "1": 100,
          "2": 100,
          "4": 100
        }
      }
    }
  ],
  "sanity_checks": [],
  "request_schedule_source": "file",
  "request_schedule_file": "/Users/fateme/Documents/Uni/project/my thesis/code/Overlap-Aware-Selective-Forgetting-/schedules/cifar10_t5_f3_fixed_seed0.json",
  "request_schedule": [
    {
      "task_id": 0,
      "request_type": "T",
      "active_tasks": [
        0
      ]
    },
    {
      "task_id": 1,
      "request_type": "T",
      "active_tasks": [
        0,
        1
      ]
    },
    {
      "task_id": 2,
      "request_type": "T",
      "active_tasks": [
        0,
        1,
        2
      ]
    },
    {
      "task_id": 3,
      "request_type": "T",
      "active_tasks": [
        0,
        1,
        2,
        3
      ]
    },
    {
      "task_id": 4,
      "request_type": "T",
      "active_tasks": [
        0,
        1,
        2,
        3,
        4
      ]
    },
    {
      "task_id": 3,
      "request_type": "F",
      "active_tasks": [
        0,
        1,
        2,
        4
      ]
    }
  ],
  "loaded_request_schedule": {
    "n_tasks": 5,
    "n_forget": 1,
    "seed": 0,
    "sequence_length_requested": 6,
    "sequence_length_actual": 6,
    "requests": [
      {
        "task_id": 0,
        "request_type": "T",
        "active_tasks": [
          0
        ]
      },
      {
        "task_id": 1,
        "request_type": "T",
        "active_tasks": [
          0,
          1
        ]
      },
      {
        "task_id": 2,
        "request_type": "T",
        "active_tasks": [
          0,
          1,
          2
        ]
      },
      {
        "task_id": 3,
        "request_type": "T",
        "active_tasks": [
          0,
          1,
          2,
          3
        ]
      },
      {
        "task_id": 4,
        "request_type": "T",
        "active_tasks": [
          0,
          1,
          2,
          3,
          4
        ]
      },
      {
        "task_id": 3,
        "request_type": "F",
        "active_tasks": [
          0,
          1,
          2,
          4
        ]
      }
    ]
  },
  "requests": [
    [
      0,
      "T",
      [
        0
      ]
    ],
    [
      1,
      "T",
      [
        0,
        1
      ]
    ],
    [
      2,
      "T",
      [
        0,
        1,
        2
      ]
    ],
    [
      3,
      "T",
      [
        0,
        1,
        2,
        3
      ]
    ],
    [
      4,
      "T",
      [
        0,
        1,
        2,
        3,
        4
      ]
    ],
    [
      3,
      "F",
      [
        0,
        1,
        2,
        4
      ]
    ]
  ],
  "requests_without_forgotten": [
    [
      [
        0,
        "T",
        [
          0
        ]
      ],
      [
        1,
        "T",
        [
          0,
          1
        ]
      ],
      [
        2,
        "T",
        [
          0,
          1,
          2
        ]
      ],
      [
        4,
        "T",
        [
          0,
          1,
          2,
          4
        ]
      ]
    ]
  ],
  "normalized_results": {
    "schema_version": "v1",
    "definition": {
      "average_forgetting": "avg_t(max_{k<r} a_t(k) - a_t(r)) over trained tasks with at least one past point"
    },
    "final": {
      "final_avg_accuracy": 0.8125,
      "average_forgetting": 0.012999999523162841,
      "final_avg_forgetting": 0.012999999523162841,
      "num_unlearning_events": 1,
      "final_unlearning": {
        "Fu": -0.002499997615814209,
        "WorstDrop": -0.001000046730041504,
        "Au": 0.5,
        "t_reset": 0.0055065000196918845,
        "t_retrain": 0.21012775000417605,
        "t_forget_total": 3.4091749169747345,
        "num_updated_params": 135168,
        "overlap": {
          "s_t": 33792,
          "s_share": 0,
          "s_share_crit": 0,
          "s_share_ratio": 0.0,
          "s_share_crit_ratio": 0.0
        }
      }
    },
    "unlearning_events": [
      {
        "unlearning_step": 0,
        "request_id": 5,
        "task_id": 3,
        "Fu": -0.002499997615814209,
        "WorstDrop": -0.001000046730041504,
        "Au": 0.5,
        "avg_before": 0.8100000023841858,
        "avg_after_reset": 0.8100000023841858,
        "avg_after_retrain": 0.8125,
        "t_reset": 0.0055065000196918845,
        "t_retrain": 0.21012775000417605,
        "t_forget_total": 3.4091749169747345,
        "num_updated_params": 135168,
        "overlap": {
          "s_t": 33792,
          "s_share": 0,
          "s_share_crit": 0,
          "s_share_ratio": 0.0,
          "s_share_crit_ratio": 0.0
        }
      }
    ]
  },
  "model": {
    "total_params": 11328192,
    "num_trainable_params": 168960,
    "num_adapter_params": 163840,
    "trainable_param_ratio": 0.014915001440653549,
    "adapter_mode": "per_task",
    "adapter_bottleneck": 32,
    "adapter_location": "residual",
    "adapter_train_classifier": true
  },
  "forgetting": {
    "definition": "avg_t(max_{k<r} a_t(k) - a_t(r)) over trained tasks with at least one past point",
    "per_request": [
      0.0,
      0.0,
      0.0,
      0.0,
      0.0,
      0.012999999523162841
    ],
    "per_task": [
      {},
      {
        "0": 0.0
      },
      {
        "0": 0.0,
        "1": 0.0
      },
      {
        "0": 0.0,
        "1": 0.0,
        "2": 0.0
      },
      {
        "0": 0.0,
        "1": 0.0,
        "2": 0.0,
        "3": 0.0
      },
      {
        "0": -0.001000046730041504,
        "1": -0.001999974250793457,
        "2": -0.004499971866607666,
        "3": 0.07499998807907104,
        "4": -0.002499997615814209
      }
    ],
    "final": 0.012999999523162841
  },