{
  "run": {
    "dataset": "cifar10",
    "method": "pall_adapter",
    "method_variant": "adapter",
    "experiment_tag": "adapter_c10_fixed_v1",
    "seed": 1,
    "deterministic": false,
    "n_tasks": 5,
    "n_forget": 3,
    "request_schedule_source": "file",
    "request_schedule_file": "/Users/fateme/Documents/Uni/project/my thesis/code/Overlap-Aware-Selective-Forgetting-/schedules/cifar10_t5_f3_fixed_seed0.json",
    "timestamp": "20260426_175937",
    "run_dir": "runs/cifar10/T5_F3/pall_adapter/seed_1/20260426_175937"
  },
  "unlearning_events": [
    {
      "unlearning_step": 0,
      "request_id": 5,
      "task_id": 3,
      "remaining_tasks": [
        0,
        1,
        2,
        4
      ],
      "per_task_acc_before": {
        "0": 0.7990000247955322,
        "1": 0.6380000114440918,
        "2": 0.7674999833106995,
        "3": 0.7739999890327454,
        "4": 0.8429999947547913
      },
      "per_task_acc_after_reset": {
        "0": 0.7990000247955322,
        "1": 0.6380000114440918,
        "2": 0.7674999833106995,
        "3": 0.4440000057220459,
        "4": 0.8429999947547913
      },
      "per_task_acc_after_retrain": {
        "0": 0.800000011920929,
        "1": 0.6424999833106995,
        "2": 0.777999997138977,
        "3": 0.4440000057220459,
        "4": 0.843500018119812
      },
      "avg_before": 0.7618750035762787,
      "avg_after_reset": 0.7618750035762787,
      "avg_after_retrain": 0.7660000026226044,
      "Fu": -0.004124999046325684,
      "WorstDrop": -0.000500023365020752,
      "Au": 0.4440000057220459,
      "t_reset": 0.004054458986502141,
      "t_retrain": 0.06654904200695455,
      "t_forget_total": 3.1537482920102775,
      "num_updated_params": 69632,
      "overlap": {
        "s_t": 17408,
        "s_share": 0,
        "s_share_crit": 0,
        "s_share_ratio": 0.0,
        "s_share_crit_ratio": 0.0
      },
      "protection": {
        "active": false,
        "method_variant": "adapter_prototype",
        "warning": "pall_adapter uses adapter reset prototype, not full PALL overlap mask yet."
      },
      "finetune_diag": {
        "active_tasks": [
          0,
          1,
          2,
          4
        ],
        "deleted_task_id": 3,
        "retrain_steps": 1,
        "buffer_sizes": {
          "0": 100,
          "1": 100,
          "2": 100,
          "4": 100
        }
      }
    }
  ],
  "sanity_checks": [],
  "request_schedule_source": "file",
  "request_schedule_file": "/Users/fateme/Documents/Uni/project/my thesis/code/Overlap-Aware-Selective-Forgetting-/schedules/cifar10_t5_f3_fixed_seed0.json",
  "request_schedule": [
    {
      "task_id": 0,
      "request_type": "T",
      "active_tasks": [
        0
      ]
    },
    {
      "task_id": 1,
      "request_type": "T",
      "active_tasks": [
        0,
        1
      ]
    },
    {
      "task_id": 2,
      "request_type": "T",
      "active_tasks": [
        0,
        1,
        2
      ]
    },
    {
      "task_id": 3,
      "request_type": "T",
      "active_tasks": [
        0,
        1,
        2,
        3
      ]
    },
    {
      "task_id": 4,
      "request_type": "T",
      "active_tasks": [
        0,
        1,
        2,
        3,
        4
      ]
    },
    {
      "task_id": 3,
      "request_type": "F",
      "active_tasks": [
        0,
        1,
        2,
        4
      ]
    }
  ],
  "loaded_request_schedule": {
    "n_tasks": 5,
    "n_forget": 1,
    "seed": 0,
    "sequence_length_requested": 6,
    "sequence_length_actual": 6,
    "requests": [
      {
        "task_id": 0,
        "request_type": "T",
        "active_tasks": [
          0
        ]
      },
      {
        "task_id": 1,
        "request_type": "T",
        "active_tasks": [
          0,
          1
        ]
      },
      {
        "task_id": 2,
        "request_type": "T",
        "active_tasks": [
          0,
          1,
          2
        ]
      },
      {
        "task_id": 3,
        "request_type": "T",
        "active_tasks": [
          0,
          1,
          2,
          3
        ]
      },
      {
        "task_id": 4,
        "request_type": "T",
        "active_tasks": [
          0,
          1,
          2,
          3,
          4
        ]
      },
      {
        "task_id": 3,
        "request_type": "F",
        "active_tasks": [
          0,
          1,
          2,
          4
        ]
      }
    ]
  },
  "requests": [
    [
      0,
      "T",
      [
        0
      ]
    ],
    [
      1,
      "T",
      [
        0,
        1
      ]
    ],
    [
      2,
      "T",
      [
        0,
        1,
        2
      ]
    ],
    [
      3,
      "T",
      [
        0,
        1,
        2,
        3
      ]
    ],
    [
      4,
      "T",
      [
        0,
        1,
        2,
        3,
        4
      ]
    ],
    [
      3,
      "F",
      [
        0,
        1,
        2,
        4
      ]
    ]
  ],
  "requests_without_forgotten": [
    [
      [
        0,
        "T",
        [
          0
        ]
      ],
      [
        1,
        "T",
        [
          0,
          1
        ]
      ],
      [
        2,
        "T",
        [
          0,
          1,
          2
        ]
      ],
      [
        4,
        "T",
        [
          0,
          1,
          2,
          4
        ]
      ]
    ]
  ],
  "normalized_results": {
    "schema_version": "v1",
    "definition": {
      "average_forgetting": "avg_t(max_{k<r} a_t(k) - a_t(r)) over trained tasks with at least one past point"
    },
    "final": {
      "final_avg_accuracy": 0.7660000026226044,
      "average_forgetting": 0.06269999742507934,
      "final_avg_forgetting": 0.06269999742507934,
      "num_unlearning_events": 1,
      "final_unlearning": {
        "Fu": -0.004124999046325684,
        "WorstDrop": -0.000500023365020752,
        "Au": 0.4440000057220459,
        "t_reset": 0.004054458986502141,
        "t_retrain": 0.06654904200695455,
        "t_forget_total": 3.1537482920102775,
        "num_updated_params": 69632,
        "overlap": {
          "s_t": 17408,
          "s_share": 0,
          "s_share_crit": 0,
          "s_share_ratio": 0.0,
          "s_share_crit_ratio": 0.0
        }
      }
    },
    "unlearning_events": [
      {
        "unlearning_step": 0,
        "request_id": 5,
        "task_id": 3,
        "Fu": -0.004124999046325684,
        "WorstDrop": -0.000500023365020752,
        "Au": 0.4440000057220459,
        "avg_before": 0.7618750035762787,
        "avg_after_reset": 0.7618750035762787,
        "avg_after_retrain": 0.7660000026226044,
        "t_reset": 0.004054458986502141,
        "t_retrain": 0.06654904200695455,
        "t_forget_total": 3.1537482920102775,
        "num_updated_params": 69632,
        "overlap": {
          "s_t": 17408,
          "s_share": 0,
          "s_share_crit": 0,
          "s_share_ratio": 0.0,
          "s_share_crit_ratio": 0.0
        }
      }
    ]
  },
  "model": {
    "total_params": 11246272,
    "num_trainable_params": 87040,
    "num_adapter_params": 81920,
    "trainable_param_ratio": 0.007739453571814731,
    "adapter_mode": "per_task",
    "adapter_bottleneck": 16,
    "adapter_location": "residual",
    "adapter_train_classifier": true
  },
  "forgetting": {
    "definition": "avg_t(max_{k<r} a_t(k) - a_t(r)) over trained tasks with at least one past point",
    "per_request": [
      0.0,
      0.0,
      0.0,
      0.0,
      0.0,
      0.06269999742507934
    ],
    "per_task": [
      {},
      {
        "0": 0.0
      },
      {
        "0": 0.0,
        "1": 0.0
      },
      {
        "0": 0.0,
        "1": 0.0,
        "2": 0.0
      },
      {
        "0": 0.0,
        "1": 0.0,
        "2": 0.0,
        "3": 0.0
      },
      {
        "0": -0.0009999871253967285,
        "1": -0.004499971866607666,
        "2": -0.010500013828277588,
        "3": 0.32999998331069946,