task_id,0,1,2,3,4
0,1.000000,0.111128,0.111298,0.111045,0.111240
1,0.111128,1.000000,0.111076,0.111138,0.111085
2,0.111298,0.111076,1.000000,0.111024,0.111165
3,0.111045,0.111138,0.111024,1.000000,0.111117
4,0.111240,0.111085,0.111165,0.111117,1.000000
