{
  "run": {
    "dataset": "cifar10",
    "method": "pall_original",
    "method_variant": "original",
    "seed": 1,
    "deterministic": false,
    "n_tasks": 5,
    "n_forget": 1,
    "timestamp": "20260420_165016",
    "run_dir": "runs/cifar10/T5_F1/pall_original/seed_1/20260420_165016"
  },
  "unlearning_events": [
    {
      "unlearning_step": 0,
      "request_id": 2,
      "task_id": 1,
      "remaining_tasks": [
        0
      ],
      "per_task_acc_before": {
        "0": 0.9279999732971191,
        "1": 0.8644999861717224,
        "2": 0.44850000739097595,
        "3": 0.47450000047683716,
        "4": 0.47049999237060547
      },
      "per_task_acc_after_reset": {
        "0": 0.9279999732971191,
        "1": 0.49950000643730164,
        "2": 0.41600000858306885,
        "3": 0.4699999988079071,
        "4": 0.49549999833106995
      },
      "per_task_acc_after_retrain": {
        "0": 0.9279999732971191,
        "1": 0.49950000643730164,
        "2": 0.4154999852180481,
        "3": 0.46700000762939453,
        "4": 0.4964999854564667
      },
      "avg_before": 0.9279999732971191,
      "avg_after_reset": 0.9279999732971191,
      "avg_after_retrain": 0.9279999732971191,
      "Fu": 0.0,
      "WorstDrop": 0.0,
      "Au": 0.49950000643730164,
      "t_reset": 0.001305957994190976,
      "t_retrain": 0.22655279199534561,
      "t_forget_total": null,
      "num_updated_params": 446641,
      "overlap": {
        "s_t": 2232887,
        "s_share": 446641,
        "s_share_crit": 446641,
        "s_share_ratio": 0.20002848330434994,
        "s_share_crit_ratio": 1.0
      },
      "protection": {
        "active": false,
        "method_variant": "original",
        "protect_ratio": null,
        "protect_threshold": null,
        "lambda_protect": 0.0,
        "retrain_steps": 1,
        "adaptive_retrain": false
      },
      "finetune_diag": {
        "active_tasks": [
          0
        ],
        "deleted_task_id": 1,
        "num_updated_params": 446641,
        "do_finetune": true,
        "retrain_steps": 1,
        "retrain_steps_source": "k_shot",
        "retrain_steps_from_cli": false,
        "allow_zero_retrain": false,
        "retrain_steps_fallback": null,
        "buffer_sizes": {
          "0": 100
        }
      }
    }
  ],
  "sanity_checks": [],
  "requests": [
    [
      0,
      "T",
      [
        0
      ]
    ],
    [
      1,
      "T",
      [
        0,
        1
      ]
    ],
    [
      1,
      "F",
      [
        0
      ]
    ],
    [
      2,
      "T",
      [
        0,
        2
      ]
    ],
    [
      3,
      "T",
      [
        0,
        2,
        3
      ]
    ],
    [
      4,
      "T",
      [
        0,
        2,
        3,
        4
      ]
    ]
  ],
  "requests_without_forgotten": [
    [
      [
        0,
        "T",
        [
          0
        ]
      ]
    ]
  ],
  "normalized_results": {
    "schema_version": "v1",
    "definition": {
      "average_forgetting": "avg_t(max_{k<r} a_t(k) - a_t(r)) over trained tasks with at least one past point"
    },
    "final": {
      "final_avg_accuracy": 0.9307499974966049,
      "average_forgetting": 0.09174999594688416,
      "final_avg_forgetting": 0.09174999594688416,
      "num_unlearning_events": 1,
      "final_unlearning": {
        "Fu": 0.0,
        "WorstDrop": 0.0,
        "Au": 0.49950000643730164,
        "t_reset": 0.001305957994190976,
        "t_retrain": 0.22655279199534561,
        "t_forget_total": 0.2278587499895366,
        "num_updated_params": 446641,
        "overlap": {
          "s_t": 2232887,
          "s_share": 446641,
          "s_share_crit": 446641,
          "s_share_ratio": 0.20002848330434994,
          "s_share_crit_ratio": 1.0
        }
      }
    },
    "unlearning_events": [
      {
        "unlearning_step": 0,
        "request_id": 2,
        "task_id": 1,
        "Fu": 0.0,
        "WorstDrop": 0.0,
        "Au": 0.49950000643730164,
        "avg_before": 0.9279999732971191,
        "avg_after_reset": 0.9279999732971191,
        "avg_after_retrain": 0.9279999732971191,
        "t_reset": 0.001305957994190976,
        "t_retrain": 0.22655279199534561,
        "t_forget_total": 0.2278587499895366,
        "num_updated_params": 446641,
        "overlap": {
          "s_t": 2232887,
          "s_share": 446641,
          "s_share_crit": 446641,
          "s_share_ratio": 0.20002848330434994,
          "s_share_crit_ratio": 1.0
        }
      }
    ]
  },
  "forgetting": {
    "definition": "avg_t(max_{k<r} a_t(k) - a_t(r)) over trained tasks with at least one past point",
    "per_request": [
      0.0,
      0.0,
      0.1824999898672104,
      0.17174997925758362,
      0.11449998617172241,
      0.09174999594688416
    ],
    "per_task": [
      {},
      {
        "0": 0.0
      },
      {
        "0": 0.0,
        "1": 0.3649999797344208
      },
      {
        "0": 0.0,
        "1": 0.34349995851516724
      },
      {
        "0": 0.0,
        "1": 0.34349995851516724,
        "2": 0.0
      },
      {
        "0": 0.0,
        "1": 0.3669999837875366,
        "2": 0.0,
        "3": 0.0
      }
    ],
    "final": 0.09174999594688416
  },
  "summary": {
    "run_dir": "runs/cifar10/T5_F1/pall_original/seed_1/20260420_165016",
    "dataset": "cifar10",
    "method": "pall_original",
    "method_variant": "original",
    "seed": 1,
    "deterministic": false,
    "n_tasks": 5,
    "n_forget": 1,
    "final_avg_accuracy": 0.9307499974966049,
    "final_avg_forgetting": 0.09174999594688416
  }
}