task_id,0,1,2,3,4
0,1.000000,0.111004,0.111019,0.110848,0.110914
1,0.111004,1.000000,0.111000,0.111055,0.110861
2,0.111019,0.111000,1.000000,0.111282,0.111341
3,0.110848,0.111055,0.111282,1.000000,0.111004
4,0.110914,0.110861,0.111341,0.111004,1.000000
