task_id,0,1,2,3,4
0,1.000000,0.111026,0.111024,0.110844,0.110940
1,0.111026,1.000000,0.110988,0.111056,0.110860
2,0.111024,0.110988,1.000000,0.111274,0.111323
3,0.110844,0.111056,0.111274,1.000000,0.111026
4,0.110940,0.110860,0.111323,0.111026,1.000000
