{
  "run": {
    "dataset": "cifar10",
    "method": "pall_modified",
    "method_variant": "modified",
    "experiment_tag": null,
    "seed": 0,
    "deterministic": false,
    "n_tasks": 5,
    "n_forget": 3,
    "request_schedule_source": "file",
    "request_schedule_file": "/Users/fateme/Documents/Uni/project/my thesis/code/Overlap-Aware-Selective-Forgetting-/schedules/test_schedule.json",
    "timestamp": "20260423_131536",
    "run_dir": "runs/cifar10/T5_F3/pall_modified/seed_0/20260423_131536"
  },
  "unlearning_events": [
    {
      "unlearning_step": 0,
      "request_id": 5,
      "task_id": 3,
      "remaining_tasks": [
        0,
        1,
        2,
        4
      ],
      "per_task_acc_before": {
        "0": 0.8949999809265137,
        "1": 0.906499981880188,
        "2": 0.9185000061988831,
        "3": 0.7820000052452087,
        "4": 0.8999999761581421
      },
      "per_task_acc_after_reset": {
        "0": 0.8949999809265137,
        "1": 0.906499981880188,
        "2": 0.9185000061988831,
        "3": 0.5,
        "4": 0.8989999890327454
      },
      "per_task_acc_after_retrain": {
        "0": 0.9010000228881836,
        "1": 0.9125000238418579,
        "2": 0.9204999804496765,
        "3": 0.49950000643730164,
        "4": 0.8989999890327454
      },
      "avg_before": 0.9049999862909317,
      "avg_after_reset": 0.9047499895095825,
      "avg_after_retrain": 0.9082500040531158,
      "Fu": -0.003250017762184143,
      "WorstDrop": 0.0009999871253967285,
      "Au": 0.49950000643730164,
      "t_reset": 0.001371082995319739,
      "t_retrain": 9.473307417007163,
      "t_forget_total": null,
      "num_updated_params": 1317701,
      "overlap": {
        "s_t": 2232889,
        "s_share": 1317701,
        "s_share_crit": 263541,
        "s_share_ratio": 0.5901327831343162,
        "s_share_crit_ratio": 0.20000060711800324
      },
      "protection": {
        "active": true,
        "method_variant": "modified",
        "protect_ratio": 0.2,
        "protect_threshold": null,
        "lambda_protect": 0.1,
        "retrain_steps": 50,
        "adaptive_retrain": false
      },
      "finetune_diag": {
        "active_tasks": [
          0,
          1,
          2,
          4
        ],
        "deleted_task_id": 3,
        "num_updated_params": 1317701,
        "do_finetune": true,
        "retrain_steps": 50,
        "retrain_steps_source": "retrain_steps",
        "retrain_steps_from_cli": true,
        "allow_zero_retrain": false,
        "retrain_steps_fallback": null,
        "buffer_sizes": {
          "0": 100,
          "1": 100,
          "2": 100,
          "4": 100
        }
      }
    }
  ],
  "sanity_checks": [],
  "request_schedule_source": "file",
  "request_schedule_file": "/Users/fateme/Documents/Uni/project/my thesis/code/Overlap-Aware-Selective-Forgetting-/schedules/test_schedule.json",
  "request_schedule": [
    {
      "task_id": 0,
      "request_type": "T",
      "active_tasks": [
        0
      ]
    },
    {
      "task_id": 1,
      "request_type": "T",
      "active_tasks": [
        0,
        1
      ]
    },
    {
      "task_id": 2,
      "request_type": "T",
      "active_tasks": [
        0,
        1,
        2
      ]
    },
    {
      "task_id": 3,
      "request_type": "T",
      "active_tasks": [
        0,
        1,
        2,
        3
      ]
    },
    {
      "task_id": 4,
      "request_type": "T",
      "active_tasks": [
        0,
        1,
        2,
        3,
        4
      ]
    },
    {
      "task_id": 3,
      "request_type": "F",
      "active_tasks": [
        0,
        1,
        2,
        4
      ]
    }
  ],
  "loaded_request_schedule": {
    "n_tasks": 5,
    "n_forget": 1,
    "seed": 0,
    "sequence_length_requested": 6,
    "sequence_length_actual": 6,
    "requests": [
      {
        "task_id": 0,
        "request_type": "T",
        "active_tasks": [
          0
        ]
      },
      {
        "task_id": 1,
        "request_type": "T",
        "active_tasks": [
          0,
          1
        ]
      },
      {
        "task_id": 2,
        "request_type": "T",
        "active_tasks": [
          0,
          1,
          2
        ]
      },
      {
        "task_id": 3,
        "request_type": "T",
        "active_tasks": [
          0,
          1,
          2,
          3
        ]
      },
      {
        "task_id": 4,
        "request_type": "T",
        "active_tasks": [
          0,
          1,
          2,
          3,
          4
        ]
      },
      {
        "task_id": 3,
        "request_type": "F",
        "active_tasks": [
          0,
          1,
          2,
          4
        ]
      }
    ]
  },
  "requests": [
    [
      0,
      "T",
      [
        0
      ]
    ],
    [
      1,
      "T",
      [
        0,
        1
      ]
    ],
    [
      2,
      "T",
      [
        0,
        1,
        2
      ]
    ],
    [
      3,
      "T",
      [
        0,
        1,
        2,
        3
      ]
    ],
    [
      4,
      "T",
      [
        0,
        1,
        2,
        3,
        4
      ]
    ],
    [
      3,
      "F",
      [
        0,
        1,
        2,
        4
      ]
    ]
  ],
  "requests_without_forgotten": [
    [
      [
        0,
        "T",
        [
          0
        ]
      ],
      [
        1,
        "T",
        [
          0,
          1
        ]
      ],
      [
        2,
        "T",
        [
          0,
          1,
          2
        ]
      ],
      [
        4,
        "T",
        [
          0,
          1,
          2,
          4
        ]
      ]
    ]
  ],
  "normalized_results": {
    "schema_version": "v1",
    "definition": {
      "average_forgetting": "avg_t(max_{k<r} a_t(k) - a_t(r)) over trained tasks with at least one past point"
    },
    "final": {
      "final_avg_accuracy": 0.9082500040531158,
      "average_forgetting": 0.053899985551834104,
      "final_avg_forgetting": 0.053899985551834104,
      "num_unlearning_events": 1,
      "final_unlearning": {
        "Fu": -0.003250017762184143,
        "WorstDrop": 0.0009999871253967285,
        "Au": 0.49950000643730164,
        "t_reset": 0.001371082995319739,
        "t_retrain": 9.473307417007163,
        "t_forget_total": 9.474678500002483,
        "num_updated_params": 1317701,
        "overlap": {
          "s_t": 2232889,
          "s_share": 1317701,
          "s_share_crit": 263541,
          "s_share_ratio": 0.5901327831343162,
          "s_share_crit_ratio": 0.20000060711800324
        }
      }
    },
    "unlearning_events": [
      {
        "unlearning_step": 0,
        "request_id": 5,
        "task_id": 3,
        "Fu": -0.003250017762184143,
        "WorstDrop": 0.0009999871253967285,
        "Au": 0.49950000643730164,
        "avg_before": 0.9049999862909317,
        "avg_after_reset": 0.9047499895095825,
        "avg_after_retrain": 0.9082500040531158,
        "t_reset": 0.001371082995319739,
        "t_retrain": 9.473307417007163,
        "t_forget_total": 9.474678500002483,
        "num_updated_params": 1317701,
        "overlap": {
          "s_t": 2232889,
          "s_share": 1317701,
          "s_share_crit": 263541,
          "s_share_ratio": 0.5901327831343162,
          "s_share_crit_ratio": 0.20000060711800324
        }
      }
    ]
  },
  "forgetting": {
    "definition": "avg_t(max_{k<r} a_t(k) - a_t(r)) over trained tasks with at least one past point",
    "per_request": [
      0.0,
      0.0,
      0.0,
      0.0,
      0.0,
      0.053899985551834104
    ],
    "per_task": [
      {},
      {
        "0": 0.0
      },
      {
        "0": 0.0,
        "1": 0.0
      },
      {
        "0": 0.0,
        "1": 0.0,
        "2": 0.0
      },
      {
        "0": 0.0,
        "1": 0.0,
        "2": 0.0,
        "3": 0.0
      },
      {
        "0": -0.006000041961669922,
        "1": -0.006000041961669922,
        "2": -0.001999974250793457,