task_id,0,1,2,3,4
0,1.000000,0.110985,0.110997,0.110831,0.110910
1,0.110985,1.000000,0.110963,0.111025,0.110826
2,0.110997,0.110963,1.000000,0.111250,0.111339
3,0.110831,0.111025,0.111250,1.000000,0.111002
4,0.110910,0.110826,0.111339,0.111002,1.000000
