task_id,0,1,2,3,4
0,1.000000,0.110964,0.110985,0.110794,0.110881
1,0.110964,1.000000,0.110945,0.110966,0.110810
2,0.110985,0.110945,1.000000,0.111243,0.111290
3,0.110794,0.110966,0.111243,1.000000,0.110992
4,0.110881,0.110810,0.111290,0.110992,1.000000
