task_id,0,1,2,3,4
0,1.000000,0.111129,0.111307,0.111053,0.110956
1,0.111129,1.000000,0.111072,0.110871,0.111007
2,0.111307,0.111072,1.000000,0.111401,0.111176
3,0.111053,0.110871,0.111401,1.000000,0.110957
4,0.110956,0.111007,0.111176,0.110957,1.000000
