{
  "run": {
    "dataset": "cifar10",
    "method": "pall_original",
    "method_variant": "original",
    "seed": 0,
    "deterministic": true,
    "n_tasks": 5,
    "n_forget": 2,
    "timestamp": "20260211_164506",
    "run_dir": "runs/cifar10/T5_F2/pall_original/seed_0/20260211_164506"
  },
  "unlearning_events": [
    {
      "unlearning_step": 0,
      "request_id": 4,
      "task_id": 3,
      "remaining_tasks": [
        0,
        1,
        2
      ],
      "per_task_acc_before": {
        "0": 0.9290000200271606,
        "1": 0.9470000267028809,
        "2": 0.9624999761581421,
        "3": 0.7829999923706055,
        "4": 0.4729999899864197
      },
      "per_task_acc_after_reset": {
        "0": 0.9290000200271606,
        "1": 0.9470000267028809,
        "2": 0.9624999761581421,
        "3": 0.49000000953674316,
        "4": 0.4970000088214874
      },
      "per_task_acc_after_retrain": {
        "0": 0.9315000176429749,
        "1": 0.9490000009536743,
        "2": 0.9649999737739563,
        "3": 0.4884999990463257,
        "4": 0.5049999952316284
      },
      "avg_before": 0.9461666742960612,
      "avg_after_reset": 0.9461666742960612,
      "avg_after_retrain": 0.9484999974568685,
      "Fu": -0.0023333231608073657,
      "WorstDrop": -0.001999974250793457,
      "Au": 0.4884999990463257,
      "t_reset": 0.0019362500170245767,
      "t_retrain": 2349.2177875410416,
      "num_updated_params": 1088904,
      "overlap": {
        "s_t": 2232889,
        "s_share": 1088904,
        "s_share_crit": 1088904,
        "s_share_ratio": 0.48766597891789515,
        "s_share_crit_ratio": 1.0
      },
      "protection": {
        "active": false,
        "method_variant": "original",
        "protect_ratio": null,
        "protect_threshold": null,
        "lambda_protect": 0.0,
        "retrain_steps": 200,
        "adaptive_retrain": false
      }
    },
    {
      "unlearning_step": 1,
      "request_id": 6,
      "task_id": 4,
      "remaining_tasks": [
        0,
        1,
        2
      ],
      "per_task_acc_before": {
        "0": 0.9315000176429749,
        "1": 0.9490000009536743,
        "2": 0.9649999737739563,
        "3": 0.5,
        "4": 0.9279999732971191
      },
      "per_task_acc_after_reset": {
        "0": 0.9315000176429749,
        "1": 0.9490000009536743,
        "2": 0.9649999737739563,
        "3": 0.5,
        "4": 0.5005000233650208
      },
      "per_task_acc_after_retrain": {
        "0": 0.9325000047683716,
        "1": 0.9505000114440918,
        "2": 0.965499997138977,
        "3": 0.5,
        "4": 0.5005000233650208
      },
      "avg_before": 0.9484999974568685,
      "avg_after_reset": 0.9484999974568685,
      "avg_after_retrain": 0.9495000044504801,
      "Fu": -0.0010000069936115796,
      "WorstDrop": -0.000500023365020752,
      "Au": 0.5005000233650208,
      "t_reset": 0.0019186660065315664,
      "t_retrain": 2347.5488260840066,
      "num_updated_params": 1089056,
      "overlap": {
        "s_t": 2232891,
        "s_share": 1089056,
        "s_share_crit": 1089056,
        "s_share_ratio": 0.4877336152996273,
        "s_share_crit_ratio": 1.0
      },
      "protection": {
        "active": false,
        "method_variant": "original",
        "protect_ratio": null,
        "protect_threshold": null,
        "lambda_protect": 0.0,
        "retrain_steps": 200,
        "adaptive_retrain": false
      }
    }
  ],
  "sanity_checks": [],
  "requests": [
    [
      0,
      "T",
      [
        0
      ]
    ],
    [
      1,
      "T",
      [
        0,
        1
      ]
    ],
    [
      2,
      "T",
      [
        0,
        1,
        2
      ]
    ],
    [
      3,
      "T",
      [
        0,
        1,
        2,
        3
      ]
    ],
    [
      3,
      "F",
      [
        0,
        1,
        2
      ]
    ],
    [
      4,
      "T",
      [
        0,
        1,
        2,
        4
      ]
    ],
    [
      4,
      "F",
      [
        0,
        1,
        2
      ]
    ]
  ],
  "requests_without_forgotten": [
    [
      [
        0,
        "T",
        [
          0
        ]
      ],
      [
        1,
        "T",
        [
          0,
          1
        ]
      ],
      [
        2,
        "T",
        [
          0,
          1,
          2
        ]
      ]
    ],
    [
      [
        0,
        "T",
        [
          0
        ]
      ],
      [
        1,
        "T",
        [
          0,
          1
        ]
      ],
      [
        2,
        "T",
        [
          0,
          1,
          2
        ]
      ]
    ]
  ],
  "summary": {
    "run_dir": "runs/cifar10/T5_F2/pall_original/seed_0/20260211_164506",
    "dataset": "cifar10",
    "method": "pall_original",
    "method_variant": "original",
    "seed": 0,
    "deterministic": true,
    "n_tasks": 5,
    "n_forget": 2,
    "final_avg_accuracy": 0.9495000044504801
  }
}