{
  "run": {
    "dataset": "cifar10",
    "method": "pall_original",
    "method_variant": "original",
    "seed": 0,
    "deterministic": false,
    "n_tasks": 5,
    "n_forget": 1,
    "timestamp": "20260419_161721",
    "run_dir": "runs/cifar10/T5_F1/pall_original/seed_0/20260419_161721"
  },
  "unlearning_events": [
    {
      "unlearning_step": 0,
      "request_id": 5,
      "task_id": 3,
      "remaining_tasks": [
        0,
        1,
        2,
        4
      ],
      "per_task_acc_before": {
        "0": 0.890500009059906,
        "1": 0.8999999761581421,
        "2": 0.9459999799728394,
        "3": 0.7944999933242798,
        "4": 0.8679999709129333
      },
      "per_task_acc_after_reset": {
        "0": 0.890500009059906,
        "1": 0.8999999761581421,
        "2": 0.9459999799728394,
        "3": 0.49900001287460327,
        "4": 0.8485000133514404
      },
      "per_task_acc_after_retrain": {
        "0": 0.8914999961853027,
        "1": 0.8989999890327454,
        "2": 0.9459999799728394,
        "3": 0.49900001287460327,
        "4": 0.8429999947547913
      },
      "avg_before": 0.9011249840259552,
      "avg_after_reset": 0.896249994635582,
      "avg_after_retrain": 0.8948749899864197,
      "Fu": 0.0062499940395355225,
      "WorstDrop": 0.02499997615814209,
      "Au": 0.49900001287460327,
      "t_reset": 0.0013742080045631155,
      "t_retrain": 0.8897687919961754,
      "t_forget_total": null,
      "num_updated_params": 1317633,
      "overlap": {
        "s_t": 2232887,
        "s_share": 1317633,
        "s_share_crit": 1317633,
        "s_share_ratio": 0.5901028578696549,
        "s_share_crit_ratio": 1.0
      },
      "protection": {
        "active": false,
        "method_variant": "original",
        "protect_ratio": null,
        "protect_threshold": null,
        "lambda_protect": 0.0,
        "retrain_steps": 1,
        "adaptive_retrain": false
      },
      "finetune_diag": {
        "active_tasks": [
          0,
          1,
          2,
          4
        ],
        "deleted_task_id": 3,
        "num_updated_params": 1317633,
        "do_finetune": true,
        "retrain_steps": 1,
        "retrain_steps_source": "k_shot",
        "retrain_steps_from_cli": false,
        "allow_zero_retrain": false,
        "retrain_steps_fallback": null,
        "buffer_sizes": {
          "0": 100,
          "1": 100,
          "2": 100,
          "4": 100
        }
      }
    }
  ],
  "sanity_checks": [],
  "requests": [
    [
      0,
      "T",
      [
        0
      ]
    ],
    [
      1,
      "T",
      [
        0,
        1
      ]
    ],
    [
      2,
      "T",
      [
        0,
        1,
        2
      ]
    ],
    [
      3,
      "T",
      [
        0,
        1,
        2,
        3
      ]
    ],
    [
      4,
      "T",
      [
        0,
        1,
        2,
        3,
        4
      ]
    ],
    [
      3,
      "F",
      [
        0,
        1,
        2,
        4
      ]
    ]
  ],
  "requests_without_forgotten": [
    [
      [
        0,
        "T",
        [
          0
        ]
      ],
      [
        1,
        "T",
        [
          0,
          1
        ]
      ],
      [
        2,
        "T",
        [
          0,
          1,
          2
        ]
      ],
      [
        4,
        "T",
        [
          0,
          1,
          2,
          4
        ]
      ]
    ]
  ],
  "normalized_results": {
    "schema_version": "v1",
    "definition": {
      "average_forgetting": "avg_t(max_{k<r} a_t(k) - a_t(r)) over trained tasks with at least one past point"
    },
    "final": {
      "final_avg_accuracy": 0.8948749899864197,
      "average_forgetting": 0.06409999132156372,
      "final_avg_forgetting": 0.06409999132156372,
      "num_unlearning_events": 1,
      "final_unlearning": {
        "Fu": 0.0062499940395355225,
        "WorstDrop": 0.02499997615814209,
        "Au": 0.49900001287460327,
        "t_reset": 0.0013742080045631155,
        "t_retrain": 0.8897687919961754,
        "t_forget_total": 0.8911430000007385,
        "num_updated_params": 1317633,
        "overlap": {
          "s_t": 2232887,
          "s_share": 1317633,
          "s_share_crit": 1317633,
          "s_share_ratio": 0.5901028578696549,
          "s_share_crit_ratio": 1.0
        }
      }
    },
    "unlearning_events": [
      {
        "unlearning_step": 0,
        "request_id": 5,
        "task_id": 3,
        "Fu": 0.0062499940395355225,
        "WorstDrop": 0.02499997615814209,
        "Au": 0.49900001287460327,
        "avg_before": 0.9011249840259552,
        "avg_after_reset": 0.896249994635582,
        "avg_after_retrain": 0.8948749899864197,
        "t_reset": 0.0013742080045631155,
        "t_retrain": 0.8897687919961754,
        "t_forget_total": 0.8911430000007385,
        "num_updated_params": 1317633,
        "overlap": {
          "s_t": 2232887,
          "s_share": 1317633,
          "s_share_crit": 1317633,
          "s_share_ratio": 0.5901028578696549,
          "s_share_crit_ratio": 1.0
        }
      }
    ]
  },
  "forgetting": {
    "definition": "avg_t(max_{k<r} a_t(k) - a_t(r)) over trained tasks with at least one past point",
    "per_request": [
      0.0,
      0.0,
      0.0,
      0.0,
      0.0,
      0.06409999132156372
    ],
    "per_task": [
      {},
      {
        "0": 0.0
      },
      {
        "0": 0.0,
        "1": 0.0
      },
      {
        "0": 0.0,
        "1": 0.0,
        "2": 0.0
      },
      {
        "0": 0.0,
        "1": 0.0,
        "2": 0.0,
        "3": 0.0
      },
      {
        "0": -0.0009999871253967285,
        "1": 0.0009999871253967285,
        "2": 0.0,
        "3": 0.2954999804496765,
        "4": 0.02499997615814209
      }
    ],
    "final": 0.06409999132156372
  },
  "summary": {
    "run_dir": "runs/cifar10/T5_F1/pall_original/seed_0/20260419_161721",
    "dataset": "cifar10",
    "method": "pall_original",
    "method_variant": "original",
    "seed": 0,
    "deterministic": false,
    "n_tasks": 5,
    "n_forget": 1,
    "final_avg_accuracy": 0.8948749899864197,
    "final_avg_forgetting": 0.06409999132156372
  }
}