{
  "run": {
    "dataset": "cifar10",
    "method": "pall_original",
    "method_variant": "original",
    "seed": 0,
    "deterministic": false,
    "n_tasks": 5,
    "n_forget": 1,
    "timestamp": "20260420_155955",
    "run_dir": "runs/cifar10/T5_F1/pall_original/seed_0/20260420_155955"
  },
  "unlearning_events": [
    {
      "unlearning_step": 0,
      "request_id": 5,
      "task_id": 3,
      "remaining_tasks": [
        0,
        1,
        2,
        4
      ],
      "per_task_acc_before": {
        "0": 0.9164999723434448,
        "1": 0.9089999794960022,
        "2": 0.9480000138282776,
        "3": 0.8475000262260437,
        "4": 0.9020000100135803
      },
      "per_task_acc_after_reset": {
        "0": 0.9164999723434448,
        "1": 0.9089999794960022,
        "2": 0.9480000138282776,
        "3": 0.5,
        "4": 0.8970000147819519
      },
      "per_task_acc_after_retrain": {
        "0": 0.9169999957084656,
        "1": 0.909500002861023,
        "2": 0.9480000138282776,
        "3": 0.5,
        "4": 0.8964999914169312
      },
      "avg_before": 0.9188749939203262,
      "avg_after_reset": 0.9176249951124191,
      "avg_after_retrain": 0.9177500009536743,
      "Fu": 0.0011249929666519165,
      "WorstDrop": 0.00550001859664917,
      "Au": 0.5,
      "t_reset": 0.0014092920027906075,
      "t_retrain": 0.23809325000911485,
      "t_forget_total": null,
      "num_updated_params": 1317858,
      "overlap": {
        "s_t": 2232887,
        "s_share": 1317858,
        "s_share_crit": 1317858,
        "s_share_ratio": 0.5902036242765532,
        "s_share_crit_ratio": 1.0
      },
      "protection": {
        "active": false,
        "method_variant": "original",
        "protect_ratio": null,
        "protect_threshold": null,
        "lambda_protect": 0.0,
        "retrain_steps": 1,
        "adaptive_retrain": false
      },
      "finetune_diag": {
        "active_tasks": [
          0,
          1,
          2,
          4
        ],
        "deleted_task_id": 3,
        "num_updated_params": 1317858,
        "do_finetune": true,
        "retrain_steps": 1,
        "retrain_steps_source": "k_shot",
        "retrain_steps_from_cli": false,
        "allow_zero_retrain": false,
        "retrain_steps_fallback": null,
        "buffer_sizes": {
          "0": 100,
          "1": 100,
          "2": 100,
          "4": 100
        }
      }
    }
  ],
  "sanity_checks": [],
  "requests": [
    [
      0,
      "T",
      [
        0
      ]
    ],
    [
      1,
      "T",
      [
        0,
        1
      ]
    ],
    [
      2,
      "T",
      [
        0,
        1,
        2
      ]
    ],
    [
      3,
      "T",
      [
        0,
        1,
        2,
        3
      ]
    ],
    [
      4,
      "T",
      [
        0,
        1,
        2,
        3,
        4
      ]
    ],
    [
      3,
      "F",
      [
        0,
        1,
        2,
        4
      ]
    ]
  ],
  "requests_without_forgotten": [
    [
      [
        0,
        "T",
        [
          0
        ]
      ],
      [
        1,
        "T",
        [
          0,
          1
        ]
      ],
      [
        2,
        "T",
        [
          0,
          1,
          2
        ]
      ],
      [
        4,
        "T",
        [
          0,
          1,
          2,
          4
        ]
      ]
    ]
  ],
  "normalized_results": {
    "schema_version": "v1",
    "definition": {
      "average_forgetting": "avg_t(max_{k<r} a_t(k) - a_t(r)) over trained tasks with at least one past point"
    },
    "final": {
      "final_avg_accuracy": 0.9177500009536743,
      "average_forgetting": 0.07039999961853027,
      "final_avg_forgetting": 0.07039999961853027,
      "num_unlearning_events": 1,
      "final_unlearning": {
        "Fu": 0.0011249929666519165,
        "WorstDrop": 0.00550001859664917,
        "Au": 0.5,
        "t_reset": 0.0014092920027906075,
        "t_retrain": 0.23809325000911485,
        "t_forget_total": 0.23950254201190546,
        "num_updated_params": 1317858,
        "overlap": {
          "s_t": 2232887,
          "s_share": 1317858,
          "s_share_crit": 1317858,
          "s_share_ratio": 0.5902036242765532,
          "s_share_crit_ratio": 1.0
        }
      }
    },
    "unlearning_events": [
      {
        "unlearning_step": 0,
        "request_id": 5,
        "task_id": 3,
        "Fu": 0.0011249929666519165,
        "WorstDrop": 0.00550001859664917,
        "Au": 0.5,
        "avg_before": 0.9188749939203262,
        "avg_after_reset": 0.9176249951124191,
        "avg_after_retrain": 0.9177500009536743,
        "t_reset": 0.0014092920027906075,
        "t_retrain": 0.23809325000911485,
        "t_forget_total": 0.23950254201190546,
        "num_updated_params": 1317858,
        "overlap": {
          "s_t": 2232887,
          "s_share": 1317858,
          "s_share_crit": 1317858,
          "s_share_ratio": 0.5902036242765532,
          "s_share_crit_ratio": 1.0
        }
      }
    ]
  },
  "forgetting": {
    "definition": "avg_t(max_{k<r} a_t(k) - a_t(r)) over trained tasks with at least one past point",
    "per_request": [
      0.0,
      0.0,
      0.0,
      0.0,
      0.0,
      0.07039999961853027
    ],
    "per_task": [
      {},
      {
        "0": 0.0
      },
      {
        "0": 0.0,
        "1": 0.0
      },
      {
        "0": 0.0,
        "1": 0.0,
        "2": 0.0
      },
      {
        "0": 0.0,
        "1": 0.0,
        "2": 0.0,
        "3": 0.0
      },
      {
        "0": -0.000500023365020752,
        "1": -0.000500023365020752,
        "2": 0.0,
        "3": 0.3475000262260437,
        "4": 0.00550001859664917
      }
    ],
    "final": 0.07039999961853027
  },
  "summary": {
    "run_dir": "runs/cifar10/T5_F1/pall_original/seed_0/20260420_155955",
    "dataset": "cifar10",
    "method": "pall_original",
    "method_variant": "original",
    "seed": 0,
    "deterministic": false,
    "n_tasks": 5,
    "n_forget": 1,
    "final_avg_accuracy": 0.9177500009536743,
    "final_avg_forgetting": 0.07039999961853027
  }
}