{
  "run": {
    "dataset": "cifar10",
    "method": "pall_original",
    "method_variant": "original",
    "experiment_tag": "thesis_fixed_schedule_c10_v1",
    "seed": 0,
    "deterministic": false,
    "n_tasks": 5,
    "n_forget": 3,
    "request_schedule_source": "file",
    "request_schedule_file": "/Users/fateme/Documents/Uni/project/my thesis/code/Overlap-Aware-Selective-Forgetting-/schedules/test_schedule.json",
    "timestamp": "20260423_132211",
    "run_dir": "runs/cifar10/T5_F3/pall_original/seed_0/20260423_132211"
  },
  "unlearning_events": [
    {
      "unlearning_step": 0,
      "request_id": 5,
      "task_id": 3,
      "remaining_tasks": [
        0,
        1,
        2,
        4
      ],
      "per_task_acc_before": {
        "0": 0.9269999861717224,
        "1": 0.9259999990463257,
        "2": 0.9474999904632568,
        "3": 0.8395000100135803,
        "4": 0.9465000033378601
      },
      "per_task_acc_after_reset": {
        "0": 0.9269999861717224,
        "1": 0.9259999990463257,
        "2": 0.9474999904632568,
        "3": 0.5,
        "4": 0.9275000095367432
      },
      "per_task_acc_after_retrain": {
        "0": 0.9269999861717224,
        "1": 0.9259999990463257,
        "2": 0.9459999799728394,
        "3": 0.5,
        "4": 0.9265000224113464
      },
      "avg_before": 0.9367499947547913,
      "avg_after_reset": 0.931999996304512,
      "avg_after_retrain": 0.9313749969005585,
      "Fu": 0.005374997854232788,
      "WorstDrop": 0.019999980926513672,
      "Au": 0.5,
      "t_reset": 0.0014415000041481107,
      "t_retrain": 0.25905900000361726,
      "t_forget_total": null,
      "num_updated_params": 1317794,
      "overlap": {
        "s_t": 2232887,
        "s_share": 1317794,
        "s_share_crit": 1317794,
        "s_share_ratio": 0.5901749618319243,
        "s_share_crit_ratio": 1.0
      },
      "protection": {
        "active": false,
        "method_variant": "original",
        "protect_ratio": null,
        "protect_threshold": null,
        "lambda_protect": 0.0,
        "retrain_steps": 1,
        "adaptive_retrain": false
      },
      "finetune_diag": {
        "active_tasks": [
          0,
          1,
          2,
          4
        ],
        "deleted_task_id": 3,
        "num_updated_params": 1317794,
        "do_finetune": true,
        "retrain_steps": 1,
        "retrain_steps_source": "k_shot",
        "retrain_steps_from_cli": false,
        "allow_zero_retrain": false,
        "retrain_steps_fallback": null,
        "buffer_sizes": {
          "0": 100,
          "1": 100,
          "2": 100,
          "4": 100
        }
      }
    }
  ],
  "sanity_checks": [],
  "request_schedule_source": "file",
  "request_schedule_file": "/Users/fateme/Documents/Uni/project/my thesis/code/Overlap-Aware-Selective-Forgetting-/schedules/test_schedule.json",
  "request_schedule": [
    {
      "task_id": 0,
      "request_type": "T",
      "active_tasks": [
        0
      ]
    },
    {
      "task_id": 1,
      "request_type": "T",
      "active_tasks": [
        0,
        1
      ]
    },
    {
      "task_id": 2,
      "request_type": "T",
      "active_tasks": [
        0,
        1,
        2
      ]
    },
    {
      "task_id": 3,
      "request_type": "T",
      "active_tasks": [
        0,
        1,
        2,
        3
      ]
    },
    {
      "task_id": 4,
      "request_type": "T",
      "active_tasks": [
        0,
        1,
        2,
        3,
        4
      ]
    },
    {
      "task_id": 3,
      "request_type": "F",
      "active_tasks": [
        0,
        1,
        2,
        4
      ]
    }
  ],
  "loaded_request_schedule": {
    "n_tasks": 5,
    "n_forget": 1,
    "seed": 0,
    "sequence_length_requested": 6,
    "sequence_length_actual": 6,
    "requests": [
      {
        "task_id": 0,
        "request_type": "T",
        "active_tasks": [
          0
        ]
      },
      {
        "task_id": 1,
        "request_type": "T",
        "active_tasks": [
          0,
          1
        ]
      },
      {
        "task_id": 2,
        "request_type": "T",
        "active_tasks": [
          0,
          1,
          2
        ]
      },
      {
        "task_id": 3,
        "request_type": "T",
        "active_tasks": [
          0,
          1,
          2,
          3
        ]
      },
      {
        "task_id": 4,
        "request_type": "T",
        "active_tasks": [
          0,
          1,
          2,
          3,
          4
        ]
      },
      {
        "task_id": 3,
        "request_type": "F",
        "active_tasks": [
          0,
          1,
          2,
          4
        ]
      }
    ]
  },
  "requests": [
    [
      0,
      "T",
      [
        0
      ]
    ],
    [
      1,
      "T",
      [
        0,
        1
      ]
    ],
    [
      2,
      "T",
      [
        0,
        1,
        2
      ]
    ],
    [
      3,
      "T",
      [
        0,
        1,
        2,
        3
      ]
    ],
    [
      4,
      "T",
      [
        0,
        1,
        2,
        3,
        4
      ]
    ],
    [
      3,
      "F",
      [
        0,
        1,
        2,
        4
      ]
    ]
  ],
  "requests_without_forgotten": [
    [
      [
        0,
        "T",
        [
          0
        ]
      ],
      [
        1,
        "T",
        [
          0,
          1
        ]
      ],
      [
        2,
        "T",
        [
          0,
          1,
          2
        ]
      ],
      [
        4,
        "T",
        [
          0,
          1,
          2,
          4
        ]
      ]
    ]
  ],
  "normalized_results": {
    "schema_version": "v1",
    "definition": {
      "average_forgetting": "avg_t(max_{k<r} a_t(k) - a_t(r)) over trained tasks with at least one past point"
    },
    "final": {
      "final_avg_accuracy": 0.9313749969005585,
      "average_forgetting": 0.0722000002861023,
      "final_avg_forgetting": 0.0722000002861023,
      "num_unlearning_events": 1,
      "final_unlearning": {
        "Fu": 0.005374997854232788,
        "WorstDrop": 0.019999980926513672,
        "Au": 0.5,
        "t_reset": 0.0014415000041481107,
        "t_retrain": 0.25905900000361726,
        "t_forget_total": 0.26050050000776537,
        "num_updated_params": 1317794,
        "overlap": {
          "s_t": 2232887,
          "s_share": 1317794,
          "s_share_crit": 1317794,
          "s_share_ratio": 0.5901749618319243,
          "s_share_crit_ratio": 1.0
        }
      }
    },
    "unlearning_events": [
      {
        "unlearning_step": 0,
        "request_id": 5,
        "task_id": 3,
        "Fu": 0.005374997854232788,
        "WorstDrop": 0.019999980926513672,
        "Au": 0.5,
        "avg_before": 0.9367499947547913,
        "avg_after_reset": 0.931999996304512,
        "avg_after_retrain": 0.9313749969005585,
        "t_reset": 0.0014415000041481107,
        "t_retrain": 0.25905900000361726,
        "t_forget_total": 0.26050050000776537,
        "num_updated_params": 1317794,
        "overlap": {
          "s_t": 2232887,
          "s_share": 1317794,
          "s_share_crit": 1317794,
          "s_share_ratio": 0.5901749618319243,
          "s_share_crit_ratio": 1.0
        }
      }
    ]
  },
  "forgetting": {
    "definition": "avg_t(max_{k<r} a_t(k) - a_t(r)) over trained tasks with at least one past point",
    "per_request": [
      0.0,
      0.0,
      0.0,
      0.0,
      0.0,
      0.0722000002861023
    ],
    "per_task": [
      {},
      {
        "0": 0.0
      },
      {
        "0": 0.0,
        "1": 0.0
      },
      {
        "0": 0.0,
        "1": 0.0,
        "2": 0.0
      },
      {
        "0": 0.0,
        "1": 0.0,
        "2": 0.0,
        "3": 0.0
      },
      {
        "0": 0.0,
        "1": 0.0,
        "2": 0.0015000104904174805,
        "3": 0.3395000100135803,
        "4": 0.019999980926513672
      }
    ],
    "final": 0.0722000002861023
  },