task_id,0,1
0,1.000000,0.111066
1,0.111066,1.000000
